{"scope.version":"2","timeline.animationMode":"proMode","viewport.width":160,"viewport.height":600,"library.openDirectories":[],"library.GroupsPath":{},"library.downloadedAssets":{},"design.zoom":0.75,"publish.local.location":"{fileRoot}/","publish.local.name":"mission6","publish.local.flatten":true,"publish.local.minify":true,"publish.local.inlineFiles":true,"publish.local.createZip":false,"publish.local.politeLoad":true,"publish.local.exportMozilla":true,"publish.local.exportWebkit":true,"publish.local.unpackGroups":true,"publish.local.borderColor":"rgba(0,0,0,1)","publish.local.addBorder":false,"":false}