{"scope.version":"2","timeline.animationMode":"proMode","viewport.width":651,"viewport.height":392,"library.openDirectories":[],"library.GroupsPath":{},"library.downloadedAssets":{},"design.zoom":0.75,"publish.local.location":"{fileRoot}/","publish.local.name":"mission2","publish.local.flatten":true,"publish.local.minify":false,"publish.local.inlineFiles":false,"publish.local.createZip":false,"publish.local.politeLoad":false,"publish.local.exportMozilla":true,"publish.local.exportWebkit":true,"publish.local.unpackGroups":true,"publish.local.borderColor":"rgba(0,0,0,1)","publish.local.addBorder":false,"":false}